CAN,Ice Hockey,,,,,,,,,
CAN,Ice Hockey,,,,,,,,,
CAN,Ice Hockey,,,,,,,,,
CAN,Ice Hockey,,,,,,,,,
CAN,Ice Hockey,,,,,,,,,
CAN,Ice Hockey,,,,,,,,,
CAN,Ice Hockey,,,,,,,,,
CAN,Ice Hockey,,,,,,,,,
CAN,Ice Hockey,,,,,,,,,
CAN,Ice Hockey,,,,,,,,,
CAN,Ice Hockey,,,,,,,,,
CAN,Ice Hockey,,,,,,,,,
CAN,Ice Hockey,,,,,,,,,
CAN,Ice Hockey,,,,,,,,,
CAN,Ice Hockey,,,,,,,,,
CAN,Ice Hockey,,,,,,,,,
CAN,Ice Hockey,,,,,,,,,
CAN,Ice Hockey,,,,,,,,,
CAN,Ice Hockey,,,,,,,,,
CAN,Ice Hockey,,,,,,,,,
CAN,Ice Hockey,,,,,,,,,
CAN,Ice Hockey,,,,,,,,,
CAN,Ice Hockey,,,,,,,,,
CAN,Ice Hockey,,,,,,,,,
CAN,Ice Hockey,,,,,,,,,
CAN,Ice Hockey,,,,,,,,,
CAN,Ice Hockey,,,,,,,,,
CAN,Ice Hockey,,,,,,,,,
CAN,Ice Hockey,,,,,,,,,
CAN,Ice Hockey,,,,,,,,,
CAN,Ice Hockey,,,,,,,,,
CAN,Ice Hockey,,,,,,,,,
CAN,Ice Hockey,,,,,,,,,
CAN,Ice Hockey,,,,,,,,,
CAN,Ice Hockey,,,,,,,,,
CAN,Ice Hockey,,,,,,,,,
CAN,Ice Hockey,,,,,,,,,
CAN,Ice Hockey,,,,,,,,,
CAN,Ice Hockey,,,,,,,,,
CAN,Ice Hockey,,,,,,,,,
CAN,Ice Hockey,,,,,,,,,
CAN,Ice Hockey,,,,,,,,,
CAN,Ice Hockey,,,,,,,,,
CAN,Ice Hockey,,,,,,,,,
CAN,Ice Hockey,,,,,,,,,
CAN,Ice Hockey,,,,,,,,,
CAN,Ice Hockey,,,,,,,,,
CAN,Ice Hockey,,,,,,,,,
CAN,Ice Hockey,,,,,,,,,
CAN,Ice Hockey,,,,,,,,,
CAN,Ice Hockey,,,,,,,,,
CAN,Ice Hockey,,,,,,,,,
CAN,Ice Hockey,,,,,,,,,
CAN,Ice Hockey,,,,,,,,,
CAN,Ice Hockey,,,,,,,,,
CAN,Ice Hockey,,,,,,,,,
CAN,Ice Hockey,,,,,,,,,
CAN,Ice Hockey,,,,,,,,,
CAN,Ice Hockey,,,,,,,,,
CAN,Ice Hockey,,,,,,,,,
CAN,Ice Hockey,,,,,,,,,
CAN,Ice Hockey,,,,,,,,,
CAN,Ice Hockey,,,,,,,,,
CAN,Ice Hockey,,,,,,,,,
CAN,Ice Hockey,,,,,,,,,
CAN,Ice Hockey,,,,,,,,,
CAN,Ice Hockey,,,,,,,,,
CAN,Ice Hockey,,,,,,,,,
CAN,Ice Hockey,,,,,,,,,
CAN,Ice Hockey,,,,,,,,,
CAN,Ice Hockey,,,,,,,,,
CAN,Ice Hockey,,,,,,,,,
CAN,Ice Hockey,,,,,,,,,
CAN,Ice Hockey,,,,,,,,,
CAN,Ice Hockey,,,,,,,,,
CAN,Ice Hockey,,,,,,,,,
CAN,Ice Hockey,,,,,,,,,
CAN,Ice Hockey,,,,,,,,,
CAN,Ice Hockey,,,,,,,,,
CAN,Ice Hockey,,,,,,,,,
CAN,Ice Hockey,,,,,,,,,
CAN,Ice Hockey,,,,,,,,,
CAN,Ice Hockey,,,,,,,,,
CAN,Ice Hockey,,,,,,,,,
CAN,Ice Hockey,,,,,,,,,
CAN,Ice Hockey,,,,,,,,,
CAN,Ice Hockey,,,,,,,,,
CAN,Ice Hockey,,,,,,,,,
CAN,Ice Hockey,,,,,,,,,
CAN,Ice Hockey,,,,,,,,,
CAN,Ice Hockey,,,,,,,,,
CAN,Ice Hockey,,,,,,,,,
CAN,Ice Hockey,,,,,,,,,
CAN,Ice Hockey,,,,,,,,,
CAN,Ice Hockey,,,,,,,,,
CAN,Ice Hockey,,,,,,,,,
CAN,Ice Hockey,,,,,,,,,
CAN,Ice Hockey,,,,,,,,,
CAN,Ice Hockey,,,,,,,,,
CAN,Ice Hockey,,,,,,,,,
CAN,Ice Hockey,,,,,,,,,
CAN,Ice Hockey,,,,,,,,,
CAN,Ice Hockey,,,,,,,,,
CAN,Ice Hockey,,,,,,,,,
CAN,Ice Hockey,,,,,,,,,
CAN,Ice Hockey,,,,,,,,,
CAN,Ice Hockey,,,,,,,,,
CAN,Ice Hockey,,,,,,,,,
CAN,Ice Hockey,,,,,,,,,
CAN,Ice Hockey,,,,,,,,,
CAN,Ice Hockey,,,,,,,,,
CAN,Ice Hockey,,,,,,,,,
CAN,Ice Hockey,,,,,,,,,
CAN,Ice Hockey,,,,,,,,,
CAN,Ice Hockey,,,,,,,,,
CAN,Ice Hockey,,,,,,,,,
CAN,Ice Hockey,,,,,,,,,
CAN,Ice Hockey,,,,,,,,,
CAN,Ice Hockey,,,,,,,,,
CAN,Ice Hockey,,,,,,,,,
CAN,Ice Hockey,,,,,,,,,
CAN,Ice Hockey,,,,,,,,,
CAN,Ice Hockey,,,,,,,,,
CAN,Ice Hockey,,,,,,,,,
CAN,Ice Hockey,,,,,,,,,
CAN,Ice Hockey,,,,,,,,,
CAN,Ice Hockey,,,,,,,,,
CAN,Ice Hockey,,,,,,,,,
CAN,Ice Hockey,,,,,,,,,
CAN,Ice Hockey,,,,,,,,,
CAN,Ice Hockey,,,,,,,,,
CAN,Ice Hockey,,,,,,,,,
CAN,Ice Hockey,,,,,,,,,
CAN,Ice Hockey,,,,,,,,,
CAN,Ice Hockey,,,,,,,,,
CAN,Ice Hockey,,,,,,,,,
CAN,Ice Hockey,,,,,,,,,
CAN,Ice Hockey,,,,,,,,,
CAN,Ice Hockey,,,,,,,,,
CAN,Ice Hockey,,,,,,,,,
CAN,Ice Hockey,,,,,,,,,
CAN,Ice Hockey,,,,,,,,,
CAN,Ice Hockey,,,,,,,,,
CAN,Ice Hockey,,,,,,,,,
CAN,Ice Hockey,,,,,,,,,
CAN,Ice Hockey,,,,,,,,,
CAN,Ice Hockey,,,,,,,,,
CAN,Ice Hockey,,,,,,,,,
CAN,Ice Hockey,,,,,,,,,
CAN,Ice Hockey,,,,,,,,,
CAN,Ice Hockey,,,,,,,,,
CAN,Ice Hockey,,,,,,,,,
CAN,Ice Hockey,,,,,,,,,
CAN,Ice Hockey,,,,,,,,,
CAN,Ice Hockey,,,,,,,,,
CAN,Ice Hockey,,,,,,,,,
CAN,Ice Hockey,,,,,,,,,
CAN,Ice Hockey,,,,,,,,,
CAN,Ice Hockey,,,,,,,,,
CAN,Ice Hockey,,,,,,,,,
CAN,Ice Hockey,,,,,,,,,
CAN,Ice Hockey,,,,,,,,,
CAN,Ice Hockey,,,,,,,,,
CAN,Ice Hockey,,,,,,,,,
CAN,Ice Hockey,,,,,,,,,
CAN,Ice Hockey,,,,,,,,,
CAN,Ice Hockey,,,,,,,,,
CAN,Ice Hockey,,,,,,,,,
CAN,Ice Hockey,,,,,,,,,
CAN,Ice Hockey,,,,,,,,,
CAN,Ice Hockey,,,,,,,,,
CAN,Ice Hockey,,,,,,,,,
CAN,Ice Hockey,,,,,,,,,
CAN,Ice Hockey,,,,,,,,,
CAN,Ice Hockey,,,,,,,,,
CAN,Ice Hockey,,,,,,,,,
CAN,Ice Hockey,,,,,,,,,
CAN,Ice Hockey,,,,,,,,,
CAN,Ice Hockey,,,,,,,,,
CAN,Ice Hockey,,,,,,,,,
CAN,Ice Hockey,,,,,,,,,
CAN,Ice Hockey,,,,,,,,,
CAN,Ice Hockey,,,,,,,,,
CAN,Ice Hockey,,,,,,,,,
CAN,Ice Hockey,,,,,,,,,
CAN,Ice Hockey,,,,,,,,,
CAN,Ice Hockey,,,,,,,,,
CAN,Ice Hockey,,,,,,,,,
CAN,Ice Hockey,,,,,,,,,
CAN,Ice Hockey,,,,,,,,,
CAN,Ice Hockey,,,,,,,,,
CAN,Ice Hockey,,,,,,,,,
CAN,Ice Hockey,,,,,,,,,
CAN,Ice Hockey,,,,,,,,,
CAN,Ice Hockey,,,,,,,,,
CAN,Ice Hockey,,,,,,,,,
CAN,Ice Hockey,,,,,,,,,
CAN,Ice Hockey,,,,,,,,,
CAN,Ice Hockey,,,,,,,,,
CAN,Ice Hockey,,,,,,,,,
CAN,Ice Hockey,,,,,,,,,
CAN,Ice Hockey,,,,,,,,,
CAN,Ice Hockey,,,,,,,,,
CAN,Ice Hockey,,,,,,,,,
CAN,Ice Hockey,,,,,,,,,
CAN,Ice Hockey,,,,,,,,,
CAN,Ice Hockey,,,,,,,,,
CAN,Ice Hockey,,,,,,,,,
CAN,Ice Hockey,,,,,,,,,
CAN,Ice Hockey,,,,,,,,,
CAN,Ice Hockey,,,,,,,,,
CAN,Ice Hockey,,,,,,,,,
CAN,Ice Hockey,,,,,,,,,
CAN,Ice Hockey,,,,,,,,,
CAN,Ice Hockey,,,,,,,,,
CAN,Ice Hockey,,,,,,,,,
CAN,Ice Hockey,,,,,,,,,
CAN,Ice Hockey,,,,,,,,,
CAN,Ice Hockey,,,,,,,,,
CAN,Ice Hockey,,,,,,,,,
CAN,Ice Hockey,,,,,,,,,
CAN,Ice Hockey,,,,,,,,,
CAN,Ice Hockey,,,,,,,,,
CAN,Ice Hockey,,,,,,,,,
CAN,Ice Hockey,,,,,,,,,
CAN,Ice Hockey,,,,,,,,,
CAN,Ice Hockey,,,,,,,,,
CAN,Ice Hockey,,,,,,,,,
CAN,Ice Hockey,,,,,,,,,
CAN,Ice Hockey,,,,,,,,,
CAN,Ice Hockey,,,,,,,,,
CAN,Ice Hockey,,,,,,,,,
CAN,Ice Hockey,,,,,,,,,
CAN,Ice Hockey,,,,,,,,,
CAN,Ice Hockey,,,,,,,,,
CAN,Ice Hockey,,,,,,,,,
CAN,Ice Hockey,,,,,,,,,
CAN,Ice Hockey,,,,,,,,,
CAN,Ice Hockey,,,,,,,,,
CAN,Ice Hockey,,,,,,,,,
CAN,Ice Hockey,,,,,,,,,
CAN,Ice Hockey,,,,,,,,,
CAN,Ice Hockey,,,,,,,,,
CAN,Ice Hockey,,,,,,,,,
CAN,Ice Hockey,,,,,,,,,
CAN,Ice Hockey,,,,,,,,,
CAN,Ice Hockey,,,,,,,,,
CAN,Ice Hockey,,,,,,,,,
CAN,Ice Hockey,,,,,,,,,
CAN,Ice Hockey,,,,,,,,,
CAN,Ice Hockey,,,,,,,,,
CAN,Ice Hockey,,,,,,,,,
CAN,Ice Hockey,,,,,,,,,
CAN,Ice Hockey,,,,,,,,,
CAN,Ice Hockey,,,,,,,,,
CAN,Ice Hockey,,,,,,,,,
CAN,Ice Hockey,,,,,,,,,
CAN,Ice Hockey,,,,,,,,,
CAN,Ice Hockey,,,,,,,,,
CAN,Ice Hockey,,,,,,,,,
CAN,Ice Hockey,,,,,,,,,
CAN,Ice Hockey,,,,,,,,,
CAN,Ice Hockey,,,,,,,,,
CAN,Ice Hockey,,,,,,,,,
CAN,Ice Hockey,,,,,,,,,
CAN,Ice Hockey,,,,,,,,,
CAN,Ice Hockey,,,,,,,,,
CAN,Ice Hockey,,,,,,,,,
CAN,Ice Hockey,,,,,,,,,
CAN,Ice Hockey,,,,,,,,,
CAN,Ice Hockey,,,,,,,,,
CAN,Ice Hockey,,,,,,,,,
CAN,Ice Hockey,,,,,,,,,
CAN,Ice Hockey,,,,,,,,,
CAN,Ice Hockey,,,,,,,,,
CAN,Ice Hockey,,,,,,,,,
CAN,Ice Hockey,,,,,,,,,
CAN,Ice Hockey,,,,,,,,,
CAN,Ice Hockey,,,,,,,,,
CAN,Ice Hockey,,,,,,,,,
CAN,Ice Hockey,,,,,,,,,
CAN,Ice Hockey,,,,,,,,,
CAN,Ice Hockey,,,,,,,,,
CAN,Ice Hockey,,,,,,,,,
CAN,Ice Hockey,,,,,,,,,
CAN,Ice Hockey,,,,,,,,,
CAN,Ice Hockey,,,,,,,,,
CAN,Ice Hockey,,,,,,,,,
CAN,Ice Hockey,,,,,,,,,
CAN,Ice Hockey,,,,,,,,,
CAN,Ice Hockey,,,,,,,,,
CAN,Ice Hockey,,,,,,,,,
CAN,Ice Hockey,,,,,,,,,
CAN,Ice Hockey,,,,,,,,,
CAN,Ice Hockey,,,,,,,,,
CAN,Ice Hockey,,,,,,,,,
CAN,Ice Hockey,,,,,,,,,
CAN,Ice Hockey,,,,,,,,,
CAN,Ice Hockey,,,,,,,,,
CAN,Ice Hockey,,,,,,,,,
CAN,Ice Hockey,,,,,,,,,
CAN,Ice Hockey,,,,,,,,,
CAN,Ice Hockey,,,,,,,,,
CAN,Ice Hockey,,,,,,,,,
CAN,Ice Hockey,,,,,,,,,
CAN,Ice Hockey,,,,,,,,,
CAN,Ice Hockey,,,,,,,,,
CAN,Ice Hockey,,,,,,,,,
CAN,Ice Hockey,,,,,,,,,
CAN,Ice Hockey,,,,,,,,,
CAN,Ice Hockey,,,,,,,,,
CAN,Ice Hockey,,,,,,,,,
CAN,Ice Hockey,,,,,,,,,
CAN,Ice Hockey,,,,,,,,,
CAN,Ice Hockey,,,,,,,,,
CAN,Ice Hockey,,,,,,,,,
CAN,Ice Hockey,,,,,,,,,
CAN,Ice Hockey,,,,,,,,,
CAN,Ice Hockey,,,,,,,,,
CAN,Ice Hockey,,,,,,,,,
CAN,Ice Hockey,,,,,,,,,
CAN,Ice Hockey,,,,,,,,,
CAN,Ice Hockey,,,,,,,,,
CAN,Ice Hockey,,,,,,,,,
CAN,Ice Hockey,,,,,,,,,
CAN,Ice Hockey,,,,,,,,,
CAN,Ice Hockey,,,,,,,,,
CAN,Ice Hockey,,,,,,,,,
CAN,Ice Hockey,,,,,,,,,
CAN,Ice Hockey,,,,,,,,,
CAN,Ice Hockey,,,,,,,,,
CAN,Ice Hockey,,,,,,,,,
CAN,Ice Hockey,,,,,,,,,
CAN,Ice Hockey,,,,,,,,,
CAN,Ice Hockey,,,,,,,,,
CAN,Ice Hockey,,,,,,,,,
CAN,Ice Hockey,,,,,,,,,
CAN,Ice Hockey,,,,,,,,,
CAN,Ice Hockey,,,,,,,,,
CAN,Ice Hockey,,,,,,,,,
CAN,Ice Hockey,,,,,,,,,
CAN,Ice Hockey,,,,,,,,,
CAN,Ice Hockey,,,,,,,,,
CAN,Ice Hockey,,,,,,,,,
CAN,Ice Hockey,,,,,,,,,
CAN,Ice Hockey,,,,,,,,,
CAN,Ice Hockey,,,,,,,,,
CAN,Ice Hockey,,,,,,,,,
CAN,Ice Hockey,,,,,,,,,
CAN,Ice Hockey,,,,,,,,,
CAN,Ice Hockey,,,,,,,,,
USA,Ice Hockey,,,,,,,,,
USA,Ice Hockey,,,,,,,,,
USA,Ice Hockey,,,,,,,,,
USA,Ice Hockey,,,,,,,,,
USA,Ice Hockey,,,,,,,,,
USA,Ice Hockey,,,,,,,,,
USA,Ice Hockey,,,,,,,,,
USA,Ice Hockey,,,,,,,,,
USA,Ice Hockey,,,,,,,,,
USA,Ice Hockey,,,,,,,,,
USA,Ice Hockey,,,,,,,,,
USA,Ice Hockey,,,,,,,,,
USA,Ice Hockey,,,,,,,,,
USA,Ice Hockey,,,,,,,,,
USA,Ice Hockey,,,,,,,,,
USA,Ice Hockey,,,,,,,,,
USA,Ice Hockey,,,,,,,,,
USA,Ice Hockey,,,,,,,,,
USA,Ice Hockey,,,,,,,,,
USA,Ice Hockey,,,,,,,,,
USA,Ice Hockey,,,,,,,,,
USA,Ice Hockey,,,,,,,,,
USA,Ice Hockey,,,,,,,,,
USA,Ice Hockey,,,,,,,,,
USA,Ice Hockey,,,,,,,,,
USA,Ice Hockey,,,,,,,,,
USA,Ice Hockey,,,,,,,,,
USA,Ice Hockey,,,,,,,,,
USA,Ice Hockey,,,,,,,,,
USA,Ice Hockey,,,,,,,,,
USA,Ice Hockey,,,,,,,,,
USA,Ice Hockey,,,,,,,,,
USA,Ice Hockey,,,,,,,,,
USA,Ice Hockey,,,,,,,,,
USA,Ice Hockey,,,,,,,,,
USA,Ice Hockey,,,,,,,,,
USA,Ice Hockey,,,,,,,,,
USA,Ice Hockey,,,,,,,,,
USA,Ice Hockey,,,,,,,,,
USA,Ice Hockey,,,,,,,,,
USA,Ice Hockey,,,,,,,,,
USA,Ice Hockey,,,,,,,,,
USA,Ice Hockey,,,,,,,,,
USA,Ice Hockey,,,,,,,,,
USA,Ice Hockey,,,,,,,,,
USA,Ice Hockey,,,,,,,,,
USA,Ice Hockey,,,,,,,,,
USA,Ice Hockey,,,,,,,,,
USA,Ice Hockey,,,,,,,,,
USA,Ice Hockey,,,,,,,,,
USA,Ice Hockey,,,,,,,,,
USA,Ice Hockey,,,,,,,,,
USA,Ice Hockey,,,,,,,,,
USA,Ice Hockey,,,,,,,,,
USA,Ice Hockey,,,,,,,,,
USA,Ice Hockey,,,,,,,,,
USA,Ice Hockey,,,,,,,,,
USA,Ice Hockey,,,,,,,,,
USA,Ice Hockey,,,,,,,,,
USA,Ice Hockey,,,,,,,,,
USA,Ice Hockey,,,,,,,,,
USA,Ice Hockey,,,,,,,,,
USA,Ice Hockey,,,,,,,,,
USA,Ice Hockey,,,,,,,,,
USA,Ice Hockey,,,,,,,,,
USA,Ice Hockey,,,,,,,,,
USA,Ice Hockey,,,,,,,,,
USA,Ice Hockey,,,,,,,,,
USA,Ice Hockey,,,,,,,,,
USA,Ice Hockey,,,,,,,,,
USA,Ice Hockey,,,,,,,,,
USA,Ice Hockey,,,,,,,,,
USA,Ice Hockey,,,,,,,,,
USA,Ice Hockey,,,,,,,,,
USA,Ice Hockey,,,,,,,,,
USA,Ice Hockey,,,,,,,,,
USA,Ice Hockey,,,,,,,,,
USA,Ice Hockey,,,,,,,,,
USA,Ice Hockey,,,,,,,,,
USA,Ice Hockey,,,,,,,,,
USA,Ice Hockey,,,,,,,,,
USA,Ice Hockey,,,,,,,,,
USA,Ice Hockey,,,,,,,,,
USA,Ice Hockey,,,,,,,,,
USA,Ice Hockey,,,,,,,,,
USA,Ice Hockey,,,,,,,,,
USA,Ice Hockey,,,,,,,,,
USA,Ice Hockey,,,,,,,,,
USA,Ice Hockey,,,,,,,,,
USA,Ice Hockey,,,,,,,,,
USA,Ice Hockey,,,,,,,,,
USA,Ice Hockey,,,,,,,,,
USA,Ice Hockey,,,,,,,,,
USA,Ice Hockey,,,,,,,,,
USA,Ice Hockey,,,,,,,,,
USA,Ice Hockey,,,,,,,,,
USA,Ice Hockey,,,,,,,,,
USA,Ice Hockey,,,,,,,,,
USA,Ice Hockey,,,,,,,,,
USA,Ice Hockey,,,,,,,,,
USA,Ice Hockey,,,,,,,,,
USA,Ice Hockey,,,,,,,,,
USA,Ice Hockey,,,,,,,,,
USA,Ice Hockey,,,,,,,,,
USA,Ice Hockey,,,,,,,,,
USA,Ice Hockey,,,,,,,,,
USA,Ice Hockey,,,,,,,,,
USA,Ice Hockey,,,,,,,,,
USA,Ice Hockey,,,,,,,,,
USA,Ice Hockey,,,,,,,,,
USA,Ice Hockey,,,,,,,,,
USA,Ice Hockey,,,,,,,,,
USA,Ice Hockey,,,,,,,,,
USA,Ice Hockey,,,,,,,,,
USA,Ice Hockey,,,,,,,,,
USA,Ice Hockey,,,,,,,,,
USA,Ice Hockey,,,,,,,,,
USA,Ice Hockey,,,,,,,,,
USA,Ice Hockey,,,,,,,,,
USA,Ice Hockey,,,,,,,,,
USA,Ice Hockey,,,,,,,,,
USA,Ice Hockey,,,,,,,,,
USA,Ice Hockey,,,,,,,,,
USA,Ice Hockey,,,,,,,,,
USA,Ice Hockey,,,,,,,,,
USA,Ice Hockey,,,,,,,,,
USA,Ice Hockey,,,,,,,,,
USA,Ice Hockey,,,,,,,,,
USA,Ice Hockey,,,,,,,,,
USA,Ice Hockey,,,,,,,,,
USA,Ice Hockey,,,,,,,,,
USA,Ice Hockey,,,,,,,,,
USA,Ice Hockey,,,,,,,,,
USA,Ice Hockey,,,,,,,,,
USA,Ice Hockey,,,,,,,,,
USA,Ice Hockey,,,,,,,,,
USA,Ice Hockey,,,,,,,,,
USA,Ice Hockey,,,,,,,,,
USA,Ice Hockey,,,,,,,,,
USA,Ice Hockey,,,,,,,,,
USA,Ice Hockey,,,,,,,,,
USA,Ice Hockey,,,,,,,,,
USA,Ice Hockey,,,,,,,,,
USA,Ice Hockey,,,,,,,,,
USA,Ice Hockey,,,,,,,,,
USA,Ice Hockey,,,,,,,,,
USA,Ice Hockey,,,,,,,,,
USA,Ice Hockey,,,,,,,,,
USA,Ice Hockey,,,,,,,,,
USA,Ice Hockey,,,,,,,,,
USA,Ice Hockey,,,,,,,,,
USA,Ice Hockey,,,,,,,,,
USA,Ice Hockey,,,,,,,,,
USA,Ice Hockey,,,,,,,,,
USA,Ice Hockey,,,,,,,,,
USA,Ice Hockey,,,,,,,,,
USA,Ice Hockey,,,,,,,,,
USA,Ice Hockey,,,,,,,,,
USA,Ice Hockey,,,,,,,,,
USA,Ice Hockey,,,,,,,,,
USA,Ice Hockey,,,,,,,,,
USA,Ice Hockey,,,,,,,,,
USA,Ice Hockey,,,,,,,,,
USA,Ice Hockey,,,,,,,,,
USA,Ice Hockey,,,,,,,,,
USA,Ice Hockey,,,,,,,,,
USA,Ice Hockey,,,,,,,,,
USA,Ice Hockey,,,,,,,,,
USA,Ice Hockey,,,,,,,,,
USA,Ice Hockey,,,,,,,,,
USA,Ice Hockey,,,,,,,,,
USA,Ice Hockey,,,,,,,,,
USA,Ice Hockey,,,,,,,,,
USA,Ice Hockey,,,,,,,,,
USA,Ice Hockey,,,,,,,,,
USA,Ice Hockey,,,,,,,,,
USA,Ice Hockey,,,,,,,,,
USA,Ice Hockey,,,,,,,,,
USA,Ice Hockey,,,,,,,,,
USA,Ice Hockey,,,,,,,,,
USA,Ice Hockey,,,,,,,,,
USA,Ice Hockey,,,,,,,,,
USA,Ice Hockey,,,,,,,,,
USA,Ice Hockey,,,,,,,,,
USA,Ice Hockey,,,,,,,,,
USA,Ice Hockey,,,,,,,,,
USA,Ice Hockey,,,,,,,,,
USA,Ice Hockey,,,,,,,,,
USA,Ice Hockey,,,,,,,,,
USA,Ice Hockey,,,,,,,,,
USA,Ice Hockey,,,,,,,,,
USA,Ice Hockey,,,,,,,,,
USA,Ice Hockey,,,,,,,,,
USA,Ice Hockey,,,,,,,,,
USA,Ice Hockey,,,,,,,,,
USA,Ice Hockey,,,,,,,,,
USA,Ice Hockey,,,,,,,,,
USA,Ice Hockey,,,,,,,,,
USA,Ice Hockey,,,,,,,,,
USA,Ice Hockey,,,,,,,,,
USA,Ice Hockey,,,,,,,,,
USA,Ice Hockey,,,,,,,,,
USA,Ice Hockey,,,,,,,,,
USA,Ice Hockey,,,,,,,,,
USA,Ice Hockey,,,,,,,,,
USA,Ice Hockey,,,,,,,,,
USA,Ice Hockey,,,,,,,,,
USA,Ice Hockey,,,,,,,,,
USA,Ice Hockey,,,,,,,,,
USA,Ice Hockey,,,,,,,,,
USA,Ice Hockey,,,,,,,,,
USA,Ice Hockey,,,,,,,,,
USA,Ice Hockey,,,,,,,,,
USA,Ice Hockey,,,,,,,,,
USA,Ice Hockey,,,,,,,,,
USA,Ice Hockey,,,,,,,,,
USA,Ice Hockey,,,,,,,,,
USA,Ice Hockey,,,,,,,,,
USA,Ice Hockey,,,,,,,,,
USA,Ice Hockey,,,,,,,,,
USA,Ice Hockey,,,,,,,,,
USA,Ice Hockey,,,,,,,,,
USA,Ice Hockey,,,,,,,,,
USA,Ice Hockey,,,,,,,,,
USA,Ice Hockey,,,,,,,,,
USA,Ice Hockey,,,,,,,,,
USA,Ice Hockey,,,,,,,,,
USA,Ice Hockey,,,,,,,,,
USA,Ice Hockey,,,,,,,,,
USA,Ice Hockey,,,,,,,,,
USA,Ice Hockey,,,,,,,,,
USA,Ice Hockey,,,,,,,,,
USA,Ice Hockey,,,,,,,,,
USA,Ice Hockey,,,,,,,,,
USA,Ice Hockey,,,,,,,,,
USA,Ice Hockey,,,,,,,,,
USA,Ice Hockey,,,,,,,,,
USA,Ice Hockey,,,,,,,,,
USA,Ice Hockey,,,,,,,,,
USA,Ice Hockey,,,,,,,,,
USA,Ice Hockey,,,,,,,,,
USA,Ice Hockey,,,,,,,,,
USA,Ice Hockey,,,,,,,,,
USA,Ice Hockey,,,,,,,,,
USA,Ice Hockey,,,,,,,,,
USA,Ice Hockey,,,,,,,,,
USA,Ice Hockey,,,,,,,,,
USA,Ice Hockey,,,,,,,,,
USA,Ice Hockey,,,,,,,,,
USA,Ice Hockey,,,,,,,,,
USA,Ice Hockey,,,,,,,,,
USA,Ice Hockey,,,,,,,,,
USA,Ice Hockey,,,,,,,,,
USA,Ice Hockey,,,,,,,,,
USA,Ice Hockey,,,,,,,,,
USA,Ice Hockey,,,,,,,,,
USA,Ice Hockey,,,,,,,,,
USA,Ice Hockey,,,,,,,,,
USA,Ice Hockey,,,,,,,,,
USA,Ice Hockey,,,,,,,,,
USA,Ice Hockey,,,,,,,,,
USA,Ice Hockey,,,,,,,,,
USA,Ice Hockey,,,,,,,,,
USA,Ice Hockey,,,,,,,,,
USA,Ice Hockey,,,,,,,,,
USA,Ice Hockey,,,,,,,,,
USA,Ice Hockey,,,,,,,,,
USA,Ice Hockey,,,,,,,,,
USA,Ice Hockey,,,,,,,,,